{"cameraMode":{"drawMode":0,"name":"Shaded","section":"Shading Mode"},"sceneLighting":true,"audioPlay":false,"sceneViewState":{"showFog":true,"showMaterialUpdate":false,"showSkybox":true,"showFlares":true,"showImageEffects":true,"showParticleSystems":true},"in2DMode":false,"pivot":{"x":8.510464668273926,"y":-16.55035972595215,"z":-45.04386901855469},"rotation":{"x":-0.04652516916394234,"y":-0.9436765313148499,"z":0.2906840145587921,"w":-0.1510394811630249},"size":94.59449005126953,"orthographic":false}